Pokemon,Usage,Snapshot
Magearna,58.10819,2023-11
Zacian,41.24398,2023-11
Cyclizar,34.10309,2023-11
Palafin,30.22484,2023-11
Palkia-Origin,28.06002,2023-11
Arceus-Fire,25.02444,2023-11
Dialga,20.24003,2023-11
Arceus-Poison,18.08511,2023-11
Landorus,17.07715,2023-11
Chi-Yu,16.76502,2023-11
Rillaboom,14.6124,2023-11
Sneasler,13.95732,2023-11
Espathra,12.49759,2023-11
Gholdengo,12.44662,2023-11
Volcarona,11.51869,2023-11
Spectrier,11.14242,2023-11
Roaring Moon,10.10871,2023-11
Dragapult,9.49656,2023-11
Zamazenta-Crowned,9.104,2023-11
Ursaluna-Bloodmoon,8.98269,2023-11
Arceus-Grass,8.78247,2023-11
Baxcalibur,8.20832,2023-11
Garchomp,7.3253,2023-11
Clefable,7.16481,2023-11
Houndstone,6.70926,2023-11
Ninetales-Alola,6.05026,2023-11
Arceus-Dark,6.017,2023-11
Urshifu-Rapid-Strike,5.91839,2023-11
Urshifu,5.69457,2023-11
Ursaluna,5.41999,2023-11
Dragonite,5.04274,2023-11
Pelipper,4.91001,2023-11
Arceus-Dragon,4.84848,2023-11
Slowking-Galar,4.46746,2023-11
Cinderace,4.08457,2023-11
Meowscarada,3.86488,2023-11
Garganacl,3.71003,2023-11
Palkia,3.63526,2023-11
Torkoal,3.35181,2023-11
Mandibuzz,3.28302,2023-11
Amoonguss,3.22591,2023-11
Dialga-Origin,3.09302,2023-11
Walking Wake,2.88418,2023-11
Blissey,2.855,2023-11
Ogerpon-Wellspring,2.77892,2023-11
Quagsire,2.5912,2023-11
Masquerain,2.4901,2023-11
Arceus-Fighting,2.43797,2023-11
Arceus-Psychic,2.39414,2023-11
Ceruledge,2.38515,2023-11
Iron Valiant,2.31476,2023-11
Darkrai,2.29861,2023-11
Alomomola,2.26896,2023-11
Donphan,2.18999,2023-11
Hippowdon,2.00724,2023-11
Samurott-Hisui,1.98882,2023-11
Tyranitar,1.96536,2023-11
Scizor,1.85285,2023-11
Cresselia,1.61372,2023-11
Zamazenta,1.56755,2023-11
Moltres,1.42495,2023-11
Crocalor,1.41314,2023-11
Iron Moth,1.38042,2023-11
Orthworm,1.28626,2023-11
Hoopa-Unbound,1.23792,2023-11
Heatran,1.21938,2023-11
Arceus-Ice,1.2045,2023-11
Weezing-Galar,1.20247,2023-11
Leavanny,1.06679,2023-11
Milotic,1.05796,2023-11
Arceus-Rock,1.05227,2023-11
Tornadus-Therian,1.04382,2023-11
Cutiefly,0.97897,2023-11
Sandy Shocks,0.93333,2023-11
Zapdos,0.91808,2023-11
Quaquaval,0.84337,2023-11
Maushold,0.82542,2023-11
Ogerpon-Cornerstone,0.77134,2023-11
Overqwil,0.66843,2023-11
Mew,0.64534,2023-11
Toedscruel,0.62158,2023-11
Vikavolt,0.58765,2023-11
Dugtrio,0.57959,2023-11
Klefki,0.55399,2023-11
Forretress,0.53945,2023-11
Enamorus,0.51405,2023-11
Espeon,0.50256,2023-11
Iron Thorns,0.45726,2023-11
Greninja,0.45399,2023-11
Kleavor,0.45032,2023-11
Arceus-Bug,0.42878,2023-11
Gastrodon,0.42214,2023-11
Iron Hands,0.41432,2023-11
Mimikyu,0.40892,2023-11
Sableye,0.40699,2023-11
Gothitelle,0.3739,2023-11
Chansey,0.36806,2023-11
Glimmet,0.33939,2023-11
Thundurus-Therian,0.33709,2023-11
Manaphy,0.32541,2023-11
Azelf,0.31461,2023-11
Spidops,0.3126,2023-11
Goodra-Hisui,0.31119,2023-11
Jirachi,0.30059,2023-11
Lilligant-Hisui,0.29645,2023-11
Basculin,0.29613,2023-11
Barraskewda,0.28107,2023-11
Sinistcha,0.27283,2023-11
Volcanion,0.25733,2023-11
Indeedee,0.24724,2023-11
Drifblim,0.24246,2023-11
Talonflame,0.21378,2023-11
Revavroom,0.20962,2023-11
Kommo-o,0.20334,2023-11
Brambleghast,0.20022,2023-11
Conkeldurr,0.19387,2023-11
Grafaiai,0.19385,2023-11
Riolu,0.19257,2023-11
Azumarill,0.19113,2023-11
Crawdaunt,0.18072,2023-11
Floatzel,0.16638,2023-11
Coalossal,0.15952,2023-11
Empoleon,0.15616,2023-11
Enamorus-Therian,0.1553,2023-11
Gligar,0.15456,2023-11
Muk-Alola,0.15196,2023-11
Glastrier,0.14832,2023-11
Magnezone,0.14565,2023-11
Tornadus,0.14129,2023-11
Thundurus,0.14089,2023-11
Ogerpon,0.14069,2023-11
Scream Tail,0.13657,2023-11
Wo-Chien,0.13608,2023-11
Charjabug,0.13525,2023-11
Tinkaton,0.13243,2023-11
Slowking,0.13191,2023-11
Zoroark-Hisui,0.12887,2023-11
Poliwrath,0.11922,2023-11
Armarouge,0.11755,2023-11
Polteageist,0.11644,2023-11
Fezandipiti,0.11466,2023-11
Slowbro-Galar,0.11055,2023-11
Typhlosion-Hisui,0.10313,2023-11
Goodra,0.10002,2023-11
Mamoswine,0.09963,2023-11
Arcanine-Hisui,0.0885,2023-11
Torterra,0.0883,2023-11
Diancie,0.08568,2023-11
Breloom,0.07833,2023-11
Umbreon,0.0775,2023-11
Lycanroc-Dusk,0.07721,2023-11
Zapdos-Galar,0.07642,2023-11
Rotom-Wash,0.07422,2023-11
Golem-Alola,0.07297,2023-11
Shiftry,0.07172,2023-11
Altaria,0.07145,2023-11
Murkrow,0.07122,2023-11
Ninetales,0.06738,2023-11
Avalugg,0.06676,2023-11
Weavile,0.0621,2023-11
Pawmot,0.06185,2023-11
Bisharp,0.05588,2023-11
Ariados,0.05544,2023-11
Noivern,0.05333,2023-11
Articuno,0.05134,2023-11
Lokix,0.04964,2023-11
Slowbro,0.04776,2023-11
Lycanroc,0.04586,2023-11
Cloyster,0.04534,2023-11
Indeedee-F,0.04228,2023-11
Haxorus,0.04162,2023-11
Tatsugiri,0.03993,2023-11
Salamence,0.03846,2023-11
Hawlucha,0.03688,2023-11
Staraptor,0.03646,2023-11
Veluza,0.03593,2023-11
Politoed,0.03466,2023-11
Golduck,0.03427,2023-11
Sylveon,0.03219,2023-11
Hattrem,0.03102,2023-11
Cetitan,0.02975,2023-11
Infernape,0.02717,2023-11
Cacturne,0.02712,2023-11
Florges,0.02709,2023-11
Krookodile,0.02616,2023-11
Snorlax,0.02554,2023-11
Gyarados,0.02554,2023-11
Abomasnow,0.02546,2023-11
Gurdurr,0.02505,2023-11
Vaporeon,0.02481,2023-11
Kilowattrel,0.02422,2023-11
Mudsdale,0.02409,2023-11
Hydreigon,0.02406,2023-11
Victreebel,0.02177,2023-11
Scovillain,0.02059,2023-11
Okidogi,0.02056,2023-11
Bronzong,0.02023,2023-11
Oricorio-Sensu,0.02023,2023-11
Pincurchin,0.02017,2023-11
Tsareena,0.0201,2023-11
Bruxish,0.0189,2023-11
Avalugg-Hisui,0.01879,2023-11
Cryogonal,0.01775,2023-11
Regidrago,0.0171,2023-11
Morgrem,0.0169,2023-11
Gengar,0.01585,2023-11
Arcanine,0.01577,2023-11
Uxie,0.01521,2023-11
Frosmoth,0.01513,2023-11
Eelektross,0.01433,2023-11
Kricketune,0.01378,2023-11
Weezing,0.01361,2023-11
Carbink,0.01271,2023-11
Iron Jugulis,0.01251,2023-11
Slither Wing,0.01119,2023-11
Ludicolo,0.01082,2023-11
Sandslash,0.01049,2023-11
Brute Bonnet,0.01019,2023-11
Copperajah,0.00975,2023-11
Heracross,0.00968,2023-11
Decidueye-Hisui,0.00945,2023-11
Chandelure,0.00799,2023-11
Meloetta,0.00791,2023-11
Palossand,0.00686,2023-11
Tauros-Paldea-Aqua,0.00682,2023-11
Bellibolt,0.00673,2023-11
Rotom-Heat,0.00666,2023-11
Flamigo,0.00628,2023-11
Squawkabilly,0.00622,2023-11
Pikachu,0.00549,2023-11
Mareanie,0.00548,2023-11
Hoopa,0.00547,2023-11
Haunter,0.00545,2023-11
Dachsbun,0.00517,2023-11
Gallade,0.00513,2023-11
Gardevoir,0.00506,2023-11
Decidueye,0.00497,2023-11
Rotom-Mow,0.00481,2023-11
Seviper,0.00449,2023-11
Froslass,0.00435,2023-11
Iron Leaves,0.00425,2023-11
Munkidori,0.00336,2023-11
Chimecho,0.00334,2023-11
Primeape,0.00317,2023-11
Magneton,0.00317,2023-11
Crabominable,0.00312,2023-11
Moltres-Galar,0.00306,2023-11
Chesnaught,0.00278,2023-11
Delphox,0.00274,2023-11
Sandslash-Alola,0.00268,2023-11
Dusknoir,0.00254,2023-11
Toxicroak,0.00245,2023-11
Qwilfish-Hisui,0.0024,2023-11
Houndoom,0.00232,2023-11
Braviary-Hisui,0.00231,2023-11
Beartic,0.00231,2023-11
Illumise,0.00211,2023-11
Jolteon,0.00209,2023-11
Arboliva,0.00204,2023-11
Zoroark,0.00194,2023-11
Farigiraf,0.00192,2023-11
Oricorio-Pom-Pom,0.00182,2023-11
Muk,0.00179,2023-11
Medicham,0.00179,2023-11
Gothorita,0.00172,2023-11
Electrode-Hisui,0.0017,2023-11
Wyrdeer,0.0016,2023-11
Mismagius,0.00155,2023-11
Silicobra,0.00142,2023-11
Lucario,0.00142,2023-11
Morpeko,0.00129,2023-11
Ursaring,0.00118,2023-11
Bombirdier,0.00115,2023-11
Sneasel-Hisui,0.00103,2023-11
Leafeon,0.00103,2023-11
Ambipom,0.00101,2023-11
Wooper-Paldea,0.00095,2023-11
Flareon,0.00091,2023-11
Shroomish,0.0009,2023-11
Spiritomb,0.00088,2023-11
Dipplin,0.00088,2023-11
Hariyama,0.00088,2023-11
Dusclops,0.00085,2023-11
Shellos,0.00084,2023-11
Arbok,0.00083,2023-11
Salazzle,0.00082,2023-11
Tarountula,0.00072,2023-11
Dudunsparce,0.00068,2023-11
Mienshao,0.00068,2023-11
Rabsca,0.00066,2023-11
Trevenant,0.00066,2023-11
Electrode,0.00063,2023-11
Koffing,0.00063,2023-11
Grubbin,0.00062,2023-11
Dugtrio-Alola,0.00058,2023-11
Tauros-Paldea-Blaze,0.00057,2023-11
Skuntank,0.00056,2023-11
Diglett,0.00056,2023-11
Glaceon,0.00051,2023-11
Wattrel,0.00043,2023-11
Rotom,0.00041,2023-11
Ducklett,0.00036,2023-11
Lechonk,0.00036,2023-11
Yungoos,0.00036,2023-11
Volbeat,0.00036,2023-11
Appletun,0.00035,2023-11
Delibird,0.00032,2023-11
Vespiquen,0.0003,2023-11
Toxtricity,0.0003,2023-11
Clefairy,0.00027,2023-11
Dragalge,0.00024,2023-11
Charizard,0.00018,2023-11
Vivillon,0.00018,2023-11
Scyther,0.00017,2023-11
Zarude,0.00017,2023-11
Mabosstiff,0.00017,2023-11
Eiscue,0.00014,2023-11
Jumpluff,0.00012,2023-11
Calyrex,0.00011,2023-11
Slaking,0.00011,2023-11
Sandaconda,0.0001,2023-11
Frigibax,0.00009,2023-11
Drednaw,0.00008,2023-11
Braviary,0.00008,2023-11
Starly,0.00007,2023-11
Vullaby,0.00006,2023-11
Persian-Alola,0.00005,2023-11
Honchkrow,0.00005,2023-11
Sudowoodo,0.00005,2023-11
Tropius,0.00004,2023-11
Flapple,0.00004,2023-11
Dunsparce,0.00003,2023-11
Wugtrio,0.00003,2023-11
Carkol,0.00002,2023-11
Misdreavus,0.00002,2023-11
Clawitzer,0.00002,2023-11
Raichu,0.00001,2023-11
Magcargo,0.00001,2023-11
Corvisquire,0,2023-11
Furret,0,2023-11
Falinks,0,2023-11
Zorua-Hisui,0,2023-11
Finizen,0,2023-11
Voltorb,0,2023-11
Charmander,0,2023-11
Mesprit,0,2023-11
Houndour,0,2023-11
Numel,0,2023-11
Hippopotas,0,2023-11
Komala,0,2023-11
Zangoose,0,2023-11
Diglett-Alola,0,2023-11
Banette,0,2023-11
Luxray,0,2023-11
Greedent,0,2023-11
Lurantis,0,2023-11
Typhlosion,0,2023-11
Yanma,0,2023-11
Varoom,0,2023-11
Oinkologne-F,0,2023-11
Oranguru,0,2023-11
Marill,0,2023-11
Whiscash,0,2023-11
Venomoth,0,2023-11
Rotom-Frost,0,2023-11
Gothita,0,2023-11
Yanmega,0,2023-11
Sunflora,0,2023-11
Oricorio,0,2023-11
Raichu-Alola,0,2023-11
Sunkern,0,2023-11
Golem,0,2023-11
Tauros,0,2023-11
Shelgon,0,2023-11
Geodude,0,2023-11
Sawsbuck,0,2023-11
Cramorant,0,2023-11
Swadloon,0,2023-11
Crabrawler,0,2023-11
Gogoat,0,2023-11
Probopass,0,2023-11
Articuno-Galar,0,2023-11
Lilligant,0,2023-11
Perrserker,0,2023-11
Monferno,0,2023-11
Wiglett,0,2023-11
Shaymin,0,2023-11
Inteleon,0,2023-11
Bulbasaur,0,2023-11
Ivysaur,0,2023-11
Venusaur,0,2023-11
Venusaur-Mega,0,2023-11
Charmeleon,0,2023-11
Charizard-Mega-X,0,2023-11
Charizard-Mega-Y,0,2023-11
Squirtle,0,2023-11
Wartortle,0,2023-11
Blastoise,0,2023-11
Blastoise-Mega,0,2023-11
Caterpie,0,2023-11
Metapod,0,2023-11
Butterfree,0,2023-11
Weedle,0,2023-11
Kakuna,0,2023-11
Beedrill,0,2023-11
Beedrill-Mega,0,2023-11
Pidgey,0,2023-11
Pidgeotto,0,2023-11
Pidgeot,0,2023-11
Pidgeot-Mega,0,2023-11
Rattata,0,2023-11
Rattata-Alola,0,2023-11
Raticate,0,2023-11
Raticate-Alola,0,2023-11
Spearow,0,2023-11
Fearow,0,2023-11
Ekans,0,2023-11
Sandshrew,0,2023-11
Sandshrew-Alola,0,2023-11
Nidoran-F,0,2023-11
Nidorina,0,2023-11
Nidoqueen,0,2023-11
Nidoran-M,0,2023-11
Nidorino,0,2023-11
Nidoking,0,2023-11
Vulpix,0,2023-11
Vulpix-Alola,0,2023-11
Jigglypuff,0,2023-11
Wigglytuff,0,2023-11
Zubat,0,2023-11
Golbat,0,2023-11
Oddish,0,2023-11
Gloom,0,2023-11
Vileplume,0,2023-11
Paras,0,2023-11
Parasect,0,2023-11
Venonat,0,2023-11
Meowth,0,2023-11
Meowth-Alola,0,2023-11
Meowth-Galar,0,2023-11
Persian,0,2023-11
Psyduck,0,2023-11
Mankey,0,2023-11
Growlithe,0,2023-11
Growlithe-Hisui,0,2023-11
Poliwag,0,2023-11
Poliwhirl,0,2023-11
Abra,0,2023-11
Kadabra,0,2023-11
Alakazam,0,2023-11
Alakazam-Mega,0,2023-11
Machop,0,2023-11
Machoke,0,2023-11
Machamp,0,2023-11
Bellsprout,0,2023-11
Weepinbell,0,2023-11
Tentacool,0,2023-11
Tentacruel,0,2023-11
Geodude-Alola,0,2023-11
Graveler,0,2023-11
Graveler-Alola,0,2023-11
Ponyta,0,2023-11
Ponyta-Galar,0,2023-11
Rapidash,0,2023-11
Rapidash-Galar,0,2023-11
Slowpoke,0,2023-11
Slowpoke-Galar,0,2023-11
Slowbro-Mega,0,2023-11
Magnemite,0,2023-11
Farfetch’d,0,2023-11
Farfetch’d-Galar,0,2023-11
Doduo,0,2023-11
Dodrio,0,2023-11
Seel,0,2023-11
Dewgong,0,2023-11
Grimer,0,2023-11
Grimer-Alola,0,2023-11
Shellder,0,2023-11
Gastly,0,2023-11
Gengar-Mega,0,2023-11
Onix,0,2023-11
Drowzee,0,2023-11
Hypno,0,2023-11
Krabby,0,2023-11
Kingler,0,2023-11
Voltorb-Hisui,0,2023-11
Exeggcute,0,2023-11
Exeggutor,0,2023-11
Exeggutor-Alola,0,2023-11
Cubone,0,2023-11
Marowak,0,2023-11
Marowak-Alola,0,2023-11
Hitmonlee,0,2023-11
Hitmonchan,0,2023-11
Lickitung,0,2023-11
Rhyhorn,0,2023-11
Rhydon,0,2023-11
Tangela,0,2023-11
Kangaskhan,0,2023-11
Kangaskhan-Mega,0,2023-11
Horsea,0,2023-11
Seadra,0,2023-11
Goldeen,0,2023-11
Seaking,0,2023-11
Staryu,0,2023-11
Starmie,0,2023-11
Mr. Mime,0,2023-11
Mr. Mime-Galar,0,2023-11
Jynx,0,2023-11
Electabuzz,0,2023-11
Magmar,0,2023-11
Pinsir,0,2023-11
Pinsir-Mega,0,2023-11
Tauros-Paldea-Combat,0,2023-11
Magikarp,0,2023-11
Gyarados-Mega,0,2023-11
Lapras,0,2023-11
Ditto,0,2023-11
Eevee,0,2023-11
Porygon,0,2023-11
Omanyte,0,2023-11
Omastar,0,2023-11
Kabuto,0,2023-11
Kabutops,0,2023-11
Aerodactyl,0,2023-11
Aerodactyl-Mega,0,2023-11
Dratini,0,2023-11
Dragonair,0,2023-11
Mewtwo,0,2023-11
Mewtwo-Mega-X,0,2023-11
Mewtwo-Mega-Y,0,2023-11
Chikorita,0,2023-11
Bayleef,0,2023-11
Meganium,0,2023-11
Cyndaquil,0,2023-11
Quilava,0,2023-11
Totodile,0,2023-11
Croconaw,0,2023-11
Feraligatr,0,2023-11
Sentret,0,2023-11
Hoothoot,0,2023-11
Noctowl,0,2023-11
Ledyba,0,2023-11
Ledian,0,2023-11
Spinarak,0,2023-11
Crobat,0,2023-11
Chinchou,0,2023-11
Lanturn,0,2023-11
Pichu,0,2023-11
Cleffa,0,2023-11
Igglybuff,0,2023-11
Togepi,0,2023-11
Togetic,0,2023-11
Natu,0,2023-11
Xatu,0,2023-11
Mareep,0,2023-11
Flaaffy,0,2023-11
Ampharos,0,2023-11
Ampharos-Mega,0,2023-11
Bellossom,0,2023-11
Hoppip,0,2023-11
Skiploom,0,2023-11
Aipom,0,2023-11
Wooper,0,2023-11
Unown,0,2023-11
Wobbuffet,0,2023-11
Girafarig,0,2023-11
Pineco,0,2023-11
Steelix,0,2023-11
Steelix-Mega,0,2023-11
Snubbull,0,2023-11
Granbull,0,2023-11
Qwilfish,0,2023-11
Scizor-Mega,0,2023-11
Shuckle,0,2023-11
Heracross-Mega,0,2023-11
Sneasel,0,2023-11
Teddiursa,0,2023-11
Slugma,0,2023-11
Swinub,0,2023-11
Piloswine,0,2023-11
Corsola,0,2023-11
Corsola-Galar,0,2023-11
Remoraid,0,2023-11
Octillery,0,2023-11
Mantine,0,2023-11
Skarmory,0,2023-11
Houndoom-Mega,0,2023-11
Kingdra,0,2023-11
Phanpy,0,2023-11
Porygon2,0,2023-11
Stantler,0,2023-11
Smeargle,0,2023-11
Tyrogue,0,2023-11
Hitmontop,0,2023-11
Smoochum,0,2023-11
Elekid,0,2023-11
Magby,0,2023-11
Miltank,0,2023-11
Raikou,0,2023-11
Entei,0,2023-11
Suicune,0,2023-11
Larvitar,0,2023-11
Pupitar,0,2023-11
Tyranitar-Mega,0,2023-11
Lugia,0,2023-11
Ho-Oh,0,2023-11
Celebi,0,2023-11
Treecko,0,2023-11
Grovyle,0,2023-11
Sceptile,0,2023-11
Sceptile-Mega,0,2023-11
Torchic,0,2023-11
Combusken,0,2023-11
Blaziken,0,2023-11
Blaziken-Mega,0,2023-11
Mudkip,0,2023-11
Marshtomp,0,2023-11
Swampert,0,2023-11
Swampert-Mega,0,2023-11
Poochyena,0,2023-11
Mightyena,0,2023-11
Zigzagoon,0,2023-11
Zigzagoon-Galar,0,2023-11
Linoone,0,2023-11
Linoone-Galar,0,2023-11
Wurmple,0,2023-11
Silcoon,0,2023-11
Beautifly,0,2023-11
Cascoon,0,2023-11
Dustox,0,2023-11
Lotad,0,2023-11
Lombre,0,2023-11
Seedot,0,2023-11
Nuzleaf,0,2023-11
Taillow,0,2023-11
Swellow,0,2023-11
Wingull,0,2023-11
Ralts,0,2023-11
Kirlia,0,2023-11
Gardevoir-Mega,0,2023-11
Surskit,0,2023-11
Slakoth,0,2023-11
Vigoroth,0,2023-11
Nincada,0,2023-11
Ninjask,0,2023-11
Shedinja,0,2023-11
Whismur,0,2023-11
Loudred,0,2023-11
Exploud,0,2023-11
Makuhita,0,2023-11
Azurill,0,2023-11
Nosepass,0,2023-11
Skitty,0,2023-11
Delcatty,0,2023-11
Sableye-Mega,0,2023-11
Mawile,0,2023-11
Mawile-Mega,0,2023-11
Aron,0,2023-11
Lairon,0,2023-11
Aggron,0,2023-11
Aggron-Mega,0,2023-11
Meditite,0,2023-11
Medicham-Mega,0,2023-11
Electrike,0,2023-11
Manectric,0,2023-11
Manectric-Mega,0,2023-11
Plusle,0,2023-11
Minun,0,2023-11
Roselia,0,2023-11
Gulpin,0,2023-11
Swalot,0,2023-11
Carvanha,0,2023-11
Sharpedo,0,2023-11
Sharpedo-Mega,0,2023-11
Wailmer,0,2023-11
Wailord,0,2023-11
Camerupt,0,2023-11
Camerupt-Mega,0,2023-11
Spoink,0,2023-11
Grumpig,0,2023-11
Spinda,0,2023-11
Trapinch,0,2023-11
Vibrava,0,2023-11
Flygon,0,2023-11
Cacnea,0,2023-11
Swablu,0,2023-11
Altaria-Mega,0,2023-11
Lunatone,0,2023-11
Solrock,0,2023-11
Barboach,0,2023-11
Corphish,0,2023-11
Baltoy,0,2023-11
Claydol,0,2023-11
Lileep,0,2023-11
Cradily,0,2023-11
Anorith,0,2023-11
Armaldo,0,2023-11
Feebas,0,2023-11
Castform,0,2023-11
Kecleon,0,2023-11
Shuppet,0,2023-11
Banette-Mega,0,2023-11
Duskull,0,2023-11
Absol,0,2023-11
Absol-Mega,0,2023-11
Wynaut,0,2023-11
Snorunt,0,2023-11
Glalie,0,2023-11
Glalie-Mega,0,2023-11
Spheal,0,2023-11
Sealeo,0,2023-11
Walrein,0,2023-11
Clamperl,0,2023-11
Huntail,0,2023-11
Gorebyss,0,2023-11
Relicanth,0,2023-11
Luvdisc,0,2023-11
Bagon,0,2023-11
Salamence-Mega,0,2023-11
Beldum,0,2023-11
Metang,0,2023-11
Metagross,0,2023-11
Metagross-Mega,0,2023-11
Regirock,0,2023-11
Regice,0,2023-11
Registeel,0,2023-11
Latias,0,2023-11
Latias-Mega,0,2023-11
Latios,0,2023-11
Latios-Mega,0,2023-11
Kyogre,0,2023-11
Kyogre-Primal,0,2023-11
Groudon,0,2023-11
Groudon-Primal,0,2023-11
Rayquaza,0,2023-11
Rayquaza-Mega,0,2023-11
Deoxys,0,2023-11
Deoxys-Attack,0,2023-11
Deoxys-Defense,0,2023-11
Deoxys-Speed,0,2023-11
Turtwig,0,2023-11
Grotle,0,2023-11
Chimchar,0,2023-11
Piplup,0,2023-11
Prinplup,0,2023-11
Staravia,0,2023-11
Bidoof,0,2023-11
Bibarel,0,2023-11
Kricketot,0,2023-11
Shinx,0,2023-11
Luxio,0,2023-11
Budew,0,2023-11
Roserade,0,2023-11
Cranidos,0,2023-11
Rampardos,0,2023-11
Shieldon,0,2023-11
Bastiodon,0,2023-11
Burmy,0,2023-11
Wormadam,0,2023-11
Wormadam-Sandy,0,2023-11
Wormadam-Trash,0,2023-11
Mothim,0,2023-11
Combee,0,2023-11
Pachirisu,0,2023-11
Buizel,0,2023-11
Cherubi,0,2023-11
Cherrim,0,2023-11
Drifloon,0,2023-11
Buneary,0,2023-11
Lopunny,0,2023-11
Lopunny-Mega,0,2023-11
Glameow,0,2023-11
Purugly,0,2023-11
Chingling,0,2023-11
Stunky,0,2023-11
Bronzor,0,2023-11
Bonsly,0,2023-11
Mime Jr.,0,2023-11
Happiny,0,2023-11
Chatot,0,2023-11
Gible,0,2023-11
Gabite,0,2023-11
Garchomp-Mega,0,2023-11
Munchlax,0,2023-11
Lucario-Mega,0,2023-11
Skorupi,0,2023-11
Drapion,0,2023-11
Croagunk,0,2023-11
Carnivine,0,2023-11
Finneon,0,2023-11
Lumineon,0,2023-11
Mantyke,0,2023-11
Snover,0,2023-11
Abomasnow-Mega,0,2023-11
Lickilicky,0,2023-11
Rhyperior,0,2023-11
Tangrowth,0,2023-11
Electivire,0,2023-11
Magmortar,0,2023-11
Togekiss,0,2023-11
Gliscor,0,2023-11
Porygon-Z,0,2023-11
Gallade-Mega,0,2023-11
Rotom-Fan,0,2023-11
Regigigas,0,2023-11
Giratina,0,2023-11
Giratina-Origin,0,2023-11
Phione,0,2023-11
Shaymin-Sky,0,2023-11
Arceus,0,2023-11
Arceus-Electric,0,2023-11
Arceus-Fairy,0,2023-11
Arceus-Flying,0,2023-11
Arceus-Ghost,0,2023-11
Arceus-Ground,0,2023-11
Arceus-Steel,0,2023-11
Arceus-Water,0,2023-11
Victini,0,2023-11
Snivy,0,2023-11
Servine,0,2023-11
Serperior,0,2023-11
Tepig,0,2023-11
Pignite,0,2023-11
Emboar,0,2023-11
Oshawott,0,2023-11
Dewott,0,2023-11
Samurott,0,2023-11
Patrat,0,2023-11
Watchog,0,2023-11
Lillipup,0,2023-11
Herdier,0,2023-11
Stoutland,0,2023-11
Purrloin,0,2023-11
Liepard,0,2023-11
Pansage,0,2023-11
Simisage,0,2023-11
Pansear,0,2023-11
Simisear,0,2023-11
Panpour,0,2023-11
Simipour,0,2023-11
Munna,0,2023-11
Musharna,0,2023-11
Pidove,0,2023-11
Tranquill,0,2023-11
Unfezant,0,2023-11
Blitzle,0,2023-11
Zebstrika,0,2023-11
Roggenrola,0,2023-11
Boldore,0,2023-11
Gigalith,0,2023-11
Woobat,0,2023-11
Swoobat,0,2023-11
Drilbur,0,2023-11
Excadrill,0,2023-11
Audino,0,2023-11
Audino-Mega,0,2023-11
Timburr,0,2023-11
Tympole,0,2023-11
Palpitoad,0,2023-11
Seismitoad,0,2023-11
Throh,0,2023-11
Sawk,0,2023-11
Sewaddle,0,2023-11
Venipede,0,2023-11
Whirlipede,0,2023-11
Scolipede,0,2023-11
Cottonee,0,2023-11
Whimsicott,0,2023-11
Petilil,0,2023-11
Sandile,0,2023-11
Krokorok,0,2023-11
Darumaka,0,2023-11
Darumaka-Galar,0,2023-11
Darmanitan,0,2023-11
Darmanitan-Galar,0,2023-11
Maractus,0,2023-11
Dwebble,0,2023-11
Crustle,0,2023-11
Scraggy,0,2023-11
Scrafty,0,2023-11
Sigilyph,0,2023-11
Yamask,0,2023-11
Yamask-Galar,0,2023-11
Cofagrigus,0,2023-11
Tirtouga,0,2023-11
Carracosta,0,2023-11
Archen,0,2023-11
Archeops,0,2023-11
Trubbish,0,2023-11
Garbodor,0,2023-11
Zorua,0,2023-11
Minccino,0,2023-11
Cinccino,0,2023-11
Solosis,0,2023-11
Duosion,0,2023-11
Reuniclus,0,2023-11
Swanna,0,2023-11
Vanillite,0,2023-11
Vanillish,0,2023-11
Vanilluxe,0,2023-11
Deerling,0,2023-11
Emolga,0,2023-11
Karrablast,0,2023-11
Escavalier,0,2023-11
Foongus,0,2023-11
Frillish,0,2023-11
Jellicent,0,2023-11
Joltik,0,2023-11
Galvantula,0,2023-11
Ferroseed,0,2023-11
Ferrothorn,0,2023-11
Klink,0,2023-11
Klang,0,2023-11
Klinklang,0,2023-11
Tynamo,0,2023-11
Eelektrik,0,2023-11
Elgyem,0,2023-11
Beheeyem,0,2023-11
Litwick,0,2023-11
Lampent,0,2023-11
Axew,0,2023-11
Fraxure,0,2023-11
Cubchoo,0,2023-11
Shelmet,0,2023-11
Accelgor,0,2023-11
Stunfisk,0,2023-11
Stunfisk-Galar,0,2023-11
Mienfoo,0,2023-11
Druddigon,0,2023-11
Golett,0,2023-11
Golurk,0,2023-11
Pawniard,0,2023-11
Bouffalant,0,2023-11
Rufflet,0,2023-11
Heatmor,0,2023-11
Durant,0,2023-11
Deino,0,2023-11
Zweilous,0,2023-11
Larvesta,0,2023-11
Cobalion,0,2023-11
Terrakion,0,2023-11
Virizion,0,2023-11
Reshiram,0,2023-11
Zekrom,0,2023-11
Landorus-Therian,0,2023-11
Kyurem,0,2023-11
Kyurem-Black,0,2023-11
Kyurem-White,0,2023-11
Keldeo,0,2023-11
Genesect,0,2023-11
Chespin,0,2023-11
Quilladin,0,2023-11
Fennekin,0,2023-11
Braixen,0,2023-11
Froakie,0,2023-11
Frogadier,0,2023-11
Bunnelby,0,2023-11
Diggersby,0,2023-11
Fletchling,0,2023-11
Fletchinder,0,2023-11
Scatterbug,0,2023-11
Spewpa,0,2023-11
Litleo,0,2023-11
Pyroar,0,2023-11
Flabébé,0,2023-11
Floette,0,2023-11
Skiddo,0,2023-11
Pancham,0,2023-11
Pangoro,0,2023-11
Furfrou,0,2023-11
Espurr,0,2023-11
Meowstic,0,2023-11
Meowstic-F,0,2023-11
Honedge,0,2023-11
Doublade,0,2023-11
Aegislash,0,2023-11
Spritzee,0,2023-11
Aromatisse,0,2023-11
Swirlix,0,2023-11
Slurpuff,0,2023-11
Inkay,0,2023-11
Malamar,0,2023-11
Binacle,0,2023-11
Barbaracle,0,2023-11
Skrelp,0,2023-11
Clauncher,0,2023-11
Helioptile,0,2023-11
Heliolisk,0,2023-11
Tyrunt,0,2023-11
Tyrantrum,0,2023-11
Amaura,0,2023-11
Aurorus,0,2023-11
Dedenne,0,2023-11
Goomy,0,2023-11
Sliggoo,0,2023-11
Sliggoo-Hisui,0,2023-11
Phantump,0,2023-11
Pumpkaboo,0,2023-11
Pumpkaboo-Small,0,2023-11
Pumpkaboo-Large,0,2023-11
Pumpkaboo-Super,0,2023-11
Gourgeist,0,2023-11
Gourgeist-Small,0,2023-11
Gourgeist-Large,0,2023-11
Gourgeist-Super,0,2023-11
Bergmite,0,2023-11
Noibat,0,2023-11
Xerneas,0,2023-11
Yveltal,0,2023-11
Zygarde,0,2023-11
Zygarde-10%,0,2023-11
Diancie-Mega,0,2023-11
Rowlet,0,2023-11
Dartrix,0,2023-11
Litten,0,2023-11
Torracat,0,2023-11
Incineroar,0,2023-11
Popplio,0,2023-11
Brionne,0,2023-11
Primarina,0,2023-11
Pikipek,0,2023-11
Trumbeak,0,2023-11
Toucannon,0,2023-11
Gumshoos,0,2023-11
Oricorio-Pa'u,0,2023-11
Ribombee,0,2023-11
Rockruff,0,2023-11
Lycanroc-Midnight,0,2023-11
Wishiwashi,0,2023-11
Wishiwashi-School,0,2023-11
Toxapex,0,2023-11
Mudbray,0,2023-11
Dewpider,0,2023-11
Araquanid,0,2023-11
Fomantis,0,2023-11
Morelull,0,2023-11
Shiinotic,0,2023-11
Salandit,0,2023-11
Stufful,0,2023-11
Bewear,0,2023-11
Bounsweet,0,2023-11
Steenee,0,2023-11
Comfey,0,2023-11
Passimian,0,2023-11
Wimpod,0,2023-11
Golisopod,0,2023-11
Sandygast,0,2023-11
Pyukumuku,0,2023-11
Type: Null,0,2023-11
Silvally,0,2023-11
Silvally-Bug,0,2023-11
Silvally-Dark,0,2023-11
Silvally-Dragon,0,2023-11
Silvally-Electric,0,2023-11
Silvally-Fairy,0,2023-11
Silvally-Fighting,0,2023-11
Silvally-Fire,0,2023-11
Silvally-Flying,0,2023-11
Silvally-Ghost,0,2023-11
Silvally-Grass,0,2023-11
Silvally-Ground,0,2023-11
Silvally-Ice,0,2023-11
Silvally-Poison,0,2023-11
Silvally-Psychic,0,2023-11
Silvally-Rock,0,2023-11
Silvally-Steel,0,2023-11
Silvally-Water,0,2023-11
Minior,0,2023-11
Turtonator,0,2023-11
Togedemaru,0,2023-11
Drampa,0,2023-11
Dhelmise,0,2023-11
Jangmo-o,0,2023-11
Hakamo-o,0,2023-11
Tapu Koko,0,2023-11
Tapu Lele,0,2023-11
Tapu Bulu,0,2023-11
Tapu Fini,0,2023-11
Cosmog,0,2023-11
Cosmoem,0,2023-11
Solgaleo,0,2023-11
Lunala,0,2023-11
Nihilego,0,2023-11
Buzzwole,0,2023-11
Pheromosa,0,2023-11
Xurkitree,0,2023-11
Celesteela,0,2023-11
Kartana,0,2023-11
Guzzlord,0,2023-11
Necrozma,0,2023-11
Necrozma-Dusk-Mane,0,2023-11
Necrozma-Dawn-Wings,0,2023-11
Necrozma-Ultra,0,2023-11
Marshadow,0,2023-11
Poipole,0,2023-11
Naganadel,0,2023-11
Stakataka,0,2023-11
Blacephalon,0,2023-11
Zeraora,0,2023-11
Meltan,0,2023-11
Melmetal,0,2023-11
Grookey,0,2023-11
Thwackey,0,2023-11
Scorbunny,0,2023-11
Raboot,0,2023-11
Sobble,0,2023-11
Drizzile,0,2023-11
Skwovet,0,2023-11
Rookidee,0,2023-11
Corviknight,0,2023-11
Blipbug,0,2023-11
Dottler,0,2023-11
Orbeetle,0,2023-11
Nickit,0,2023-11
Thievul,0,2023-11
Gossifleur,0,2023-11
Eldegoss,0,2023-11
Wooloo,0,2023-11
Dubwool,0,2023-11
Chewtle,0,2023-11
Yamper,0,2023-11
Boltund,0,2023-11
Rolycoly,0,2023-11
Applin,0,2023-11
Arrokuda,0,2023-11
Toxel,0,2023-11
Sizzlipede,0,2023-11
Centiskorch,0,2023-11
Clobbopus,0,2023-11
Grapploct,0,2023-11
Sinistea,0,2023-11
Hatenna,0,2023-11
Hatterene,0,2023-11
Impidimp,0,2023-11
Grimmsnarl,0,2023-11
Obstagoon,0,2023-11
Cursola,0,2023-11
Sirfetch’d,0,2023-11
Mr. Rime,0,2023-11
Runerigus,0,2023-11
Milcery,0,2023-11
Alcremie,0,2023-11
Snom,0,2023-11
Stonjourner,0,2023-11
Cufant,0,2023-11
Dracozolt,0,2023-11
Arctozolt,0,2023-11
Dracovish,0,2023-11
Arctovish,0,2023-11
Duraludon,0,2023-11
Dreepy,0,2023-11
Drakloak,0,2023-11
Zacian-Crowned,0,2023-11
Eternatus,0,2023-11
Kubfu,0,2023-11
Regieleki,0,2023-11
Calyrex-Ice,0,2023-11
Calyrex-Shadow,0,2023-11
Basculegion,0,2023-11
Basculegion-F,0,2023-11
Sprigatito,0,2023-11
Floragato,0,2023-11
Fuecoco,0,2023-11
Skeledirge,0,2023-11
Quaxly,0,2023-11
Quaxwell,0,2023-11
Oinkologne,0,2023-11
Nymble,0,2023-11
Pawmi,0,2023-11
Pawmo,0,2023-11
Tandemaus,0,2023-11
Fidough,0,2023-11
Smoliv,0,2023-11
Dolliv,0,2023-11
Nacli,0,2023-11
Naclstack,0,2023-11
Charcadet,0,2023-11
Tadbulb,0,2023-11
Maschiff,0,2023-11
Shroodle,0,2023-11
Bramblin,0,2023-11
Toedscool,0,2023-11
Klawf,0,2023-11
Capsakid,0,2023-11
Rellor,0,2023-11
Flittle,0,2023-11
Tinkatink,0,2023-11
Tinkatuff,0,2023-11
Glimmora,0,2023-11
Greavard,0,2023-11
Cetoddle,0,2023-11
Dondozo,0,2023-11
Annihilape,0,2023-11
Clodsire,0,2023-11
Kingambit,0,2023-11
Great Tusk,0,2023-11
Flutter Mane,0,2023-11
Iron Treads,0,2023-11
Iron Bundle,0,2023-11
Arctibax,0,2023-11
Gimmighoul,0,2023-11
Chien-Pao,0,2023-11
Ting-Lu,0,2023-11
Koraidon,0,2023-11
Miraidon,0,2023-11
Poltchageist,0,2023-11
Ogerpon-Hearthflame,0,2023-11
Archaludon,0,2023-11
Hydrapple,0,2023-11
Gouging Fire,0,2023-11
Raging Bolt,0,2023-11
Iron Boulder,0,2023-11
Iron Crown,0,2023-11
Terapagos,0,2023-11
Terapagos-Terastal,0,2023-11
Terapagos-Stellar,0,2023-11
Pecharunt,0,2023-11
Syclar,0,2023-11
Syclant,0,2023-11
Revenankh,0,2023-11
Embirch,0,2023-11
Flarelm,0,2023-11
Pyroak,0,2023-11
Breezi,0,2023-11
Fidgit,0,2023-11
Rebble,0,2023-11
Tactite,0,2023-11
Stratagem,0,2023-11
Privatyke,0,2023-11
Arghonaut,0,2023-11
Kitsunoh,0,2023-11
Cyclohm,0,2023-11
Colossoil,0,2023-11
Krilowatt,0,2023-11
Voodoll,0,2023-11
Voodoom,0,2023-11
Scratchet,0,2023-11
Tomohawk,0,2023-11
Necturine,0,2023-11
Necturna,0,2023-11
Mollux,0,2023-11
Cupra,0,2023-11
Argalis,0,2023-11
Aurumoth,0,2023-11
Brattler,0,2023-11
Malaconda,0,2023-11
Cawdet,0,2023-11
Cawmodore,0,2023-11
Volkritter,0,2023-11
Volkraken,0,2023-11
Snugglow,0,2023-11
Plasmanta,0,2023-11
Floatoy,0,2023-11
Caimanoe,0,2023-11
Naviathan,0,2023-11
Crucibelle,0,2023-11
Crucibelle-Mega,0,2023-11
Pluffle,0,2023-11
Kerfluffle,0,2023-11
Pajantom,0,2023-11
Mumbao,0,2023-11
Jumbao,0,2023-11
Fawnifer,0,2023-11
Electrelk,0,2023-11
Caribolt,0,2023-11
Smogecko,0,2023-11
Smoguana,0,2023-11
Smokomodo,0,2023-11
Swirlpool,0,2023-11
Coribalis,0,2023-11
Snaelstrom,0,2023-11
Justyke,0,2023-11
Equilibra,0,2023-11
Solotl,0,2023-11
Astrolotl,0,2023-11
Miasmite,0,2023-11
Miasmaw,0,2023-11
Chromera,0,2023-11
Nohface,0,2023-11
Monohm,0,2023-11
Duohm,0,2023-11
Dorsoil,0,2023-11
Protowatt,0,2023-11
Venomicon,0,2023-11
Venomicon-Epilogue,0,2023-11
Saharascal,0,2023-11
Saharaja,0,2023-11
Ababo,0,2023-11
Scattervein,0,2023-11
Hemogoblin,0,2023-11
Cresceidon,0,2023-11
Magearna,51.46602,2023-12
Zacian,40.40489,2023-12
Cyclizar,28.22842,2023-12
Palkia-Origin,25.29244,2023-12
Arceus-Fire,24.87841,2023-12
Dialga,23.37366,2023-12
Landorus,22.13225,2023-12
Palafin,21.53349,2023-12
Arceus-Poison,19.13804,2023-12
Gholdengo,14.34411,2023-12
Giratina,13.95566,2023-12
Chi-Yu,13.81658,2023-12
Garchomp,12.24551,2023-12
Rillaboom,12.07026,2023-12
Dragapult,11.62743,2023-12
Sneasler,10.95351,2023-12
Spectrier,10.50834,2023-12
Volcarona,10.08905,2023-12
Espathra,9.98714,2023-12
Zamazenta-Crowned,9.05523,2023-12
Roaring Moon,8.48225,2023-12
Ursaluna-Bloodmoon,7.92098,2023-12
Arceus-Dark,7.66842,2023-12
Dondozo,7.33285,2023-12
Arceus-Grass,7.27252,2023-12
Clefable,7.24622,2023-12
Baxcalibur,6.91999,2023-12
Blissey,6.0198,2023-12
Ursaluna,5.74557,2023-12
Corviknight,5.61511,2023-12
Urshifu,5.23644,2023-12
Slowking-Galar,4.97539,2023-12
Dragonite,4.88008,2023-12
Garganacl,4.58202,2023-12
Urshifu-Rapid-Strike,4.25782,2023-12
Cinderace,4.16365,2023-12
Dialga-Origin,4.06704,2023-12
Ninetales-Alola,4.00247,2023-12
Palkia,3.98597,2023-12
Amoonguss,3.92234,2023-12
Arceus-Dragon,3.49523,2023-12
Mandibuzz,3.33631,2023-12
Masquerain,3.28152,2023-12
Darkrai,2.95799,2023-12
Ogerpon-Wellspring,2.94924,2023-12
Iron Valiant,2.85956,2023-12
Arceus-Psychic,2.80173,2023-12
Gothitelle,2.77897,2023-12
Pelipper,2.61612,2023-12
Tornadus-Therian,2.53211,2023-12
Torkoal,2.48596,2023-12
Arceus-Rock,2.46066,2023-12
Alomomola,2.35742,2023-12
Tyranitar,2.35166,2023-12
Houndstone,2.23507,2023-12
Ceruledge,2.16315,2023-12
Donphan,2.14789,2023-12
Meowscarada,2.09031,2023-12
Arceus-Fighting,2.0698,2023-12
Zamazenta,1.94757,2023-12
Walking Wake,1.85376,2023-12
Quagsire,1.85275,2023-12
Samurott-Hisui,1.78244,2023-12
Mew,1.74147,2023-12
Sandy Shocks,1.58592,2023-12
Milotic,1.53839,2023-12
Cresselia,1.32339,2023-12
Espeon,1.31601,2023-12
Moltres,1.27624,2023-12
Leavanny,1.19097,2023-12
Iron Moth,1.18253,2023-12
Indeedee,1.14756,2023-12
Hoopa-Unbound,1.06792,2023-12
Mimikyu,1.0637,2023-12
Cutiefly,1.03221,2023-12
Armarouge,1.02059,2023-12
Crocalor,0.98408,2023-12
Heatran,0.98318,2023-12
Hippowdon,0.96718,2023-12
Jirachi,0.88235,2023-12
Toedscruel,0.8703,2023-12
Gastrodon,0.83882,2023-12
Maushold,0.77792,2023-12
Vikavolt,0.7767,2023-12
Arceus-Ice,0.75604,2023-12
Dugtrio,0.73884,2023-12
Scizor,0.65814,2023-12
Arceus-Bug,0.6307,2023-12
Zapdos,0.56246,2023-12
Ogerpon-Cornerstone,0.55715,2023-12
Murkrow,0.52927,2023-12
Kommo-o,0.51005,2023-12
Iron Hands,0.48675,2023-12
Weavile,0.48149,2023-12
Manaphy,0.46093,2023-12
Forretress,0.45466,2023-12
Greninja,0.4396,2023-12
Klefki,0.43544,2023-12
Kleavor,0.4184,2023-12
Weezing-Galar,0.4171,2023-12
Orthworm,0.40988,2023-12
Enamorus,0.40238,2023-12
Arcanine-Hisui,0.40039,2023-12
Breloom,0.37587,2023-12
Quaquaval,0.33431,2023-12
Azumarill,0.33387,2023-12
Zapdos-Galar,0.33014,2023-12
Chansey,0.32037,2023-12
Crawdaunt,0.30693,2023-12
Barraskewda,0.29245,2023-12
Volcanion,0.28297,2023-12
Scream Tail,0.25963,2023-12
Mamoswine,0.24246,2023-12
Glastrier,0.19393,2023-12
Sableye,0.19353,2023-12
Thundurus-Therian,0.19065,2023-12
Gligar,0.18559,2023-12
Azelf,0.18209,2023-12
Poliwrath,0.1803,2023-12
Magnezone,0.17376,2023-12
Lilligant-Hisui,0.16944,2023-12
Tornadus,0.16491,2023-12
Spidops,0.16349,2023-12
Salamence,0.15479,2023-12
Ogerpon,0.15318,2023-12
Empoleon,0.14715,2023-12
Sinistcha,0.14543,2023-12
Overqwil,0.14083,2023-12
Morgrem,0.13652,2023-12
Weezing,0.12653,2023-12
Hippopotas,0.12647,2023-12
Rotom-Wash,0.10806,2023-12
Slowking,0.10392,2023-12
Hawlucha,0.09957,2023-12
Fezandipiti,0.09686,2023-12
Basculegion-F,0.09501,2023-12
Polteageist,0.09331,2023-12
Gothorita,0.09243,2023-12
Zoroark-Hisui,0.09015,2023-12
Haxorus,0.08656,2023-12
Conkeldurr,0.08073,2023-12
Diancie,0.07214,2023-12
Braviary-Hisui,0.06903,2023-12
Slowbro,0.06817,2023-12
Hydreigon,0.06727,2023-12
Ariados,0.06395,2023-12
Munkidori,0.06387,2023-12
Tinkaton,0.06371,2023-12
Hattrem,0.06349,2023-12
Bisharp,0.06038,2023-12
Electrode-Hisui,0.05973,2023-12
Mudsdale,0.05692,2023-12
Iron Thorns,0.05439,2023-12
Drifblim,0.0538,2023-12
Grafaiai,0.053,2023-12
Bronzong,0.05084,2023-12
Enamorus-Therian,0.05028,2023-12
Wyrdeer,0.05,2023-12
Wo-Chien,0.04896,2023-12
Rotom-Heat,0.04797,2023-12
Brambleghast,0.04749,2023-12
Blastoise,0.04613,2023-12
Sylveon,0.045,2023-12
Sandslash,0.04464,2023-12
Tatsugiri,0.04171,2023-12
Brute Bonnet,0.0414,2023-12
Decidueye-Hisui,0.04132,2023-12
Revavroom,0.04056,2023-12
Trevenant,0.03697,2023-12
Meloetta,0.03429,2023-12
Qwilfish-Hisui,0.03421,2023-12
Floatzel,0.03379,2023-12
Cloyster,0.033,2023-12
Goodra-Hisui,0.03203,2023-12
Muk-Alola,0.03127,2023-12
Talonflame,0.03075,2023-12
Thundurus,0.02958,2023-12
Ninetales,0.02952,2023-12
Gyarados,0.02941,2023-12
Okidogi,0.02913,2023-12
Slither Wing,0.02743,2023-12
Regidrago,0.02688,2023-12
Golduck,0.02686,2023-12
Uxie,0.02676,2023-12
Volbeat,0.02559,2023-12
Umbreon,0.02542,2023-12
Basculin,0.02534,2023-12
Froslass,0.02515,2023-12
Indeedee-F,0.02467,2023-12
Toxtricity,0.02368,2023-12
Pawmot,0.02323,2023-12
Lycanroc-Dusk,0.02282,2023-12
Porygon2,0.02192,2023-12
Infernape,0.02179,2023-12
Salazzle,0.02086,2023-12
Pincurchin,0.02065,2023-12
Tauros-Paldea-Aqua,0.0202,2023-12
Kricketune,0.01932,2023-12
Chandelure,0.01855,2023-12
Golem,0.01829,2023-12
Altaria,0.01823,2023-12
Medicham,0.01775,2023-12
Komala,0.01767,2023-12
Lokix,0.01757,2023-12
Glimmet,0.0172,2023-12
Riolu,0.01717,2023-12
Iron Leaves,0.01713,2023-12
Victreebel,0.01696,2023-12
Flapple,0.01623,2023-12
Cetitan,0.01604,2023-12
Avalugg-Hisui,0.01543,2023-12
Chesnaught,0.01519,2023-12
Politoed,0.01491,2023-12
Snorlax,0.01428,2023-12
Torterra,0.01378,2023-12
Veluza,0.01334,2023-12
Ludicolo,0.01332,2023-12
Noivern,0.01331,2023-12
Avalugg,0.01278,2023-12
Lucario,0.01254,2023-12
Vespiquen,0.01209,2023-12
Rabsca,0.01141,2023-12
Heracross,0.01062,2023-12
Staraptor,0.01054,2023-12
Slowbro-Galar,0.01037,2023-12
Shiftry,0.00996,2023-12
Charjabug,0.00994,2023-12
Tsareena,0.00985,2023-12
Goodra,0.0082,2023-12
Lycanroc,0.00816,2023-12
Dudunsparce,0.00794,2023-12
Arboliva,0.00707,2023-12
Crabominable,0.00675,2023-12
Hariyama,0.00642,2023-12
Vulpix-Alola,0.00629,2023-12
Lurantis,0.00611,2023-12
Kilowattrel,0.00607,2023-12
Gardevoir,0.00586,2023-12
Cryogonal,0.00574,2023-12
Lilligant,0.00569,2023-12
Dachsbun,0.00555,2023-12
Dusknoir,0.00528,2023-12
Golem-Alola,0.00509,2023-12
Moltres-Galar,0.00507,2023-12
Sandaconda,0.0047,2023-12
Glaceon,0.00454,2023-12
Bellibolt,0.00444,2023-12
Typhlosion-Hisui,0.00436,2023-12
Naclstack,0.00427,2023-12
Articuno,0.00347,2023-12
Jolteon,0.00336,2023-12
Drednaw,0.00316,2023-12
Charizard,0.00304,2023-12
Frosmoth,0.00297,2023-12
Farigiraf,0.00274,2023-12
Vaporeon,0.00259,2023-12
Gallade,0.00249,2023-12
Mienshao,0.00221,2023-12
Ampharos,0.0022,2023-12
Misdreavus,0.00206,2023-12
Camerupt,0.00193,2023-12
Morpeko,0.00192,2023-12
Slaking,0.00191,2023-12
Wigglytuff,0.00188,2023-12
Yanmega,0.00187,2023-12
Vivillon,0.00152,2023-12
Spiritomb,0.00144,2023-12
Bronzor,0.00141,2023-12
Typhlosion,0.00133,2023-12
Arcanine,0.0013,2023-12
Leafeon,0.00128,2023-12
Appletun,0.00124,2023-12
Gumshoos,0.00123,2023-12
Krookodile,0.00109,2023-12
Florges,0.00099,2023-12
Pikachu,0.00084,2023-12
Palossand,0.00065,2023-12
Dusclops,0.00065,2023-12
Gengar,0.00064,2023-12
Toxicroak,0.00062,2023-12
Phione,0.00062,2023-12
Coalossal,0.0006,2023-12
Dipplin,0.00057,2023-12
Eelektross,0.0004,2023-12
Iron Jugulis,0.00039,2023-12
Ursaring,0.00038,2023-12
Beartic,0.00038,2023-12
Cottonee,0.00038,2023-12
Copperajah,0.00031,2023-12
Raichu-Alola,0.00025,2023-12
Articuno-Galar,0.00022,2023-12
Sandslash-Alola,0.00021,2023-12
Eiscue,0.00019,2023-12
Mismagius,0.00018,2023-12
Electrode,0.00017,2023-12
Cramorant,0.00012,2023-12
Flamigo,0.00012,2023-12
Monferno,0.00011,2023-12
Hoopa,0.00011,2023-12
Ambipom,0.0001,2023-12
Probopass,0.00009,2023-12
Bruxish,0.00008,2023-12
Carbink,0.00007,2023-12
Hypno,0.00006,2023-12
Noctowl,0.00006,2023-12
Decidueye,0.00005,2023-12
Croagunk,0.00004,2023-12
Inteleon,0.00004,2023-12
Muk,0.00004,2023-12
Luxray,0.00003,2023-12
Braviary,0.00003,2023-12
Rotom-Mow,0.00003,2023-12
Tauros-Paldea-Combat,0.00002,2023-12
Tauros-Paldea-Blaze,0.00002,2023-12
Delibird,0.00002,2023-12
Rotom-Frost,0.00001,2023-12
Calyrex,0,2023-12
Sneasel-Hisui,0,2023-12
Whiscash,0,2023-12
Duraludon,0,2023-12
Abomasnow,0,2023-12
Tropius,0,2023-12
Illumise,0,2023-12
Mareanie,0,2023-12
Zoroark,0,2023-12
Dedenne,0,2023-12
Frogadier,0,2023-12
Lycanroc-Midnight,0,2023-12
Magcargo,0,2023-12
Tinkatuff,0,2023-12
Starly,0,2023-12
Swanna,0,2023-12
Oricorio-Pom-Pom,0,2023-12
Delphox,0,2023-12
Diglett,0,2023-12
Numel,0,2023-12
Scyther,0,2023-12
Klawf,0,2023-12
Arbok,0,2023-12
Persian-Alola,0,2023-12
Dragalge,0,2023-12
Scovillain,0,2023-12
Magikarp,0,2023-12
Surskit,0,2023-12
Wattrel,0,2023-12
Skuntank,0,2023-12
Greedent,0,2023-12
Lechonk,0,2023-12
Qwilfish,0,2023-12
Sudowoodo,0,2023-12
Zangoose,0,2023-12
Graveler-Alola,0,2023-12
Oranguru,0,2023-12
Piplup,0,2023-12
Quaxly,0,2023-12
Honchkrow,0,2023-12
Venomoth,0,2023-12
Pyroar,0,2023-12
Pichu,0,2023-12
Gothita,0,2023-12
Quaxwell,0,2023-12
Dugtrio-Alola,0,2023-12
Dunsparce,0,2023-12
Foongus,0,2023-12
Oricorio,0,2023-12
Cacturne,0,2023-12
Oricorio-Sensu,0,2023-12
Tauros,0,2023-12
Geodude,0,2023-12
Primeape,0,2023-12
Sawsbuck,0,2023-12
Squawkabilly,0,2023-12
Gastly,0,2023-12
Timburr,0,2023-12
Samurott,0,2023-12
Persian,0,2023-12
Bombirdier,0,2023-12
Fraxure,0,2023-12
Gogoat,0,2023-12
Houndoom,0,2023-12
Charmeleon,0,2023-12
Vullaby,0,2023-12
Falinks,0,2023-12
Aipom,0,2023-12
Mienfoo,0,2023-12
Shaymin,0,2023-12
Mabosstiff,0,2023-12
Zarude,0,2023-12
Bulbasaur,0,2023-12
Ivysaur,0,2023-12
Venusaur,0,2023-12
Venusaur-Mega,0,2023-12
Charmander,0,2023-12
Charizard-Mega-X,0,2023-12
Charizard-Mega-Y,0,2023-12
Squirtle,0,2023-12
Wartortle,0,2023-12
Blastoise-Mega,0,2023-12
Caterpie,0,2023-12
Metapod,0,2023-12
Butterfree,0,2023-12
Weedle,0,2023-12
Kakuna,0,2023-12
Beedrill,0,2023-12
Beedrill-Mega,0,2023-12
Pidgey,0,2023-12
Pidgeotto,0,2023-12
Pidgeot,0,2023-12
Pidgeot-Mega,0,2023-12
Rattata,0,2023-12
Rattata-Alola,0,2023-12
Raticate,0,2023-12
Raticate-Alola,0,2023-12
Spearow,0,2023-12
Fearow,0,2023-12
Ekans,0,2023-12
Raichu,0,2023-12
Sandshrew,0,2023-12
Sandshrew-Alola,0,2023-12
Nidoran-F,0,2023-12
Nidorina,0,2023-12
Nidoqueen,0,2023-12
Nidoran-M,0,2023-12
Nidorino,0,2023-12
Nidoking,0,2023-12
Clefairy,0,2023-12
Vulpix,0,2023-12
Jigglypuff,0,2023-12
Zubat,0,2023-12
Golbat,0,2023-12
Oddish,0,2023-12
Gloom,0,2023-12
Vileplume,0,2023-12
Paras,0,2023-12
Parasect,0,2023-12
Venonat,0,2023-12
Diglett-Alola,0,2023-12
Meowth,0,2023-12
Meowth-Alola,0,2023-12
Meowth-Galar,0,2023-12
Psyduck,0,2023-12
Mankey,0,2023-12
Growlithe,0,2023-12
Growlithe-Hisui,0,2023-12
Poliwag,0,2023-12
Poliwhirl,0,2023-12
Abra,0,2023-12
Kadabra,0,2023-12
Alakazam,0,2023-12
Alakazam-Mega,0,2023-12
Machop,0,2023-12
Machoke,0,2023-12
Machamp,0,2023-12
Bellsprout,0,2023-12
Weepinbell,0,2023-12
Tentacool,0,2023-12
Tentacruel,0,2023-12
Geodude-Alola,0,2023-12
Graveler,0,2023-12
Ponyta,0,2023-12
Ponyta-Galar,0,2023-12
Rapidash,0,2023-12
Rapidash-Galar,0,2023-12
Slowpoke,0,2023-12
Slowpoke-Galar,0,2023-12
Slowbro-Mega,0,2023-12
Magnemite,0,2023-12
Magneton,0,2023-12
Farfetch’d,0,2023-12
Farfetch’d-Galar,0,2023-12
Doduo,0,2023-12
Dodrio,0,2023-12
Seel,0,2023-12
Dewgong,0,2023-12
Grimer,0,2023-12
Grimer-Alola,0,2023-12
Shellder,0,2023-12
Haunter,0,2023-12
Gengar-Mega,0,2023-12
Onix,0,2023-12
Drowzee,0,2023-12
Krabby,0,2023-12
Kingler,0,2023-12
Voltorb,0,2023-12
Voltorb-Hisui,0,2023-12
Exeggcute,0,2023-12
Exeggutor,0,2023-12
Exeggutor-Alola,0,2023-12
Cubone,0,2023-12
Marowak,0,2023-12
Marowak-Alola,0,2023-12
Hitmonlee,0,2023-12
Hitmonchan,0,2023-12
Lickitung,0,2023-12
Koffing,0,2023-12
Rhyhorn,0,2023-12
Rhydon,0,2023-12
Tangela,0,2023-12
Kangaskhan,0,2023-12
Kangaskhan-Mega,0,2023-12
Horsea,0,2023-12
Seadra,0,2023-12
Goldeen,0,2023-12
Seaking,0,2023-12
Staryu,0,2023-12
Starmie,0,2023-12
Mr. Mime,0,2023-12
Mr. Mime-Galar,0,2023-12
Jynx,0,2023-12
Electabuzz,0,2023-12
Magmar,0,2023-12
Pinsir,0,2023-12
Pinsir-Mega,0,2023-12
Gyarados-Mega,0,2023-12
Lapras,0,2023-12
Ditto,0,2023-12
Eevee,0,2023-12
Flareon,0,2023-12
Porygon,0,2023-12
Omanyte,0,2023-12
Omastar,0,2023-12
Kabuto,0,2023-12
Kabutops,0,2023-12
Aerodactyl,0,2023-12
Aerodactyl-Mega,0,2023-12
Dratini,0,2023-12
Dragonair,0,2023-12
Mewtwo,0,2023-12
Mewtwo-Mega-X,0,2023-12
Mewtwo-Mega-Y,0,2023-12
Chikorita,0,2023-12
Bayleef,0,2023-12
Meganium,0,2023-12
Cyndaquil,0,2023-12
Quilava,0,2023-12
Totodile,0,2023-12
Croconaw,0,2023-12
Feraligatr,0,2023-12
Sentret,0,2023-12
Furret,0,2023-12
Hoothoot,0,2023-12
Ledyba,0,2023-12
Ledian,0,2023-12
Spinarak,0,2023-12
Crobat,0,2023-12
Chinchou,0,2023-12
Lanturn,0,2023-12
Cleffa,0,2023-12
Igglybuff,0,2023-12
Togepi,0,2023-12
Togetic,0,2023-12
Natu,0,2023-12
Xatu,0,2023-12
Mareep,0,2023-12
Flaaffy,0,2023-12
Ampharos-Mega,0,2023-12
Bellossom,0,2023-12
Marill,0,2023-12
Hoppip,0,2023-12
Skiploom,0,2023-12
Jumpluff,0,2023-12
Sunkern,0,2023-12
Sunflora,0,2023-12
Yanma,0,2023-12
Wooper,0,2023-12
Wooper-Paldea,0,2023-12
Unown,0,2023-12
Wobbuffet,0,2023-12
Girafarig,0,2023-12
Pineco,0,2023-12
Steelix,0,2023-12
Steelix-Mega,0,2023-12
Snubbull,0,2023-12
Granbull,0,2023-12
Scizor-Mega,0,2023-12
Shuckle,0,2023-12
Heracross-Mega,0,2023-12
Sneasel,0,2023-12
Teddiursa,0,2023-12
Slugma,0,2023-12
Swinub,0,2023-12
Piloswine,0,2023-12
Corsola,0,2023-12
Corsola-Galar,0,2023-12
Remoraid,0,2023-12
Octillery,0,2023-12
Mantine,0,2023-12
Skarmory,0,2023-12
Houndour,0,2023-12
Houndoom-Mega,0,2023-12
Kingdra,0,2023-12
Phanpy,0,2023-12
Stantler,0,2023-12
Smeargle,0,2023-12
Tyrogue,0,2023-12
Hitmontop,0,2023-12
Smoochum,0,2023-12
Elekid,0,2023-12
Magby,0,2023-12
Miltank,0,2023-12
Raikou,0,2023-12
Entei,0,2023-12
Suicune,0,2023-12
Larvitar,0,2023-12
Pupitar,0,2023-12
Tyranitar-Mega,0,2023-12
Lugia,0,2023-12
Ho-Oh,0,2023-12
Celebi,0,2023-12
Treecko,0,2023-12
Grovyle,0,2023-12
Sceptile,0,2023-12
Sceptile-Mega,0,2023-12
Torchic,0,2023-12
Combusken,0,2023-12
Blaziken,0,2023-12
Blaziken-Mega,0,2023-12
Mudkip,0,2023-12
Marshtomp,0,2023-12
Swampert,0,2023-12
Swampert-Mega,0,2023-12
Poochyena,0,2023-12
Mightyena,0,2023-12
Zigzagoon,0,2023-12
Zigzagoon-Galar,0,2023-12
Linoone,0,2023-12
Linoone-Galar,0,2023-12
Wurmple,0,2023-12
Silcoon,0,2023-12
Beautifly,0,2023-12
Cascoon,0,2023-12
Dustox,0,2023-12
Lotad,0,2023-12
Lombre,0,2023-12
Seedot,0,2023-12
Nuzleaf,0,2023-12
Taillow,0,2023-12
Swellow,0,2023-12
Wingull,0,2023-12
Ralts,0,2023-12
Kirlia,0,2023-12
Gardevoir-Mega,0,2023-12
Shroomish,0,2023-12
Slakoth,0,2023-12
Vigoroth,0,2023-12
Nincada,0,2023-12
Ninjask,0,2023-12
Shedinja,0,2023-12
Whismur,0,2023-12
Loudred,0,2023-12
Exploud,0,2023-12
Makuhita,0,2023-12
Azurill,0,2023-12
Nosepass,0,2023-12
Skitty,0,2023-12
Delcatty,0,2023-12
Sableye-Mega,0,2023-12
Mawile,0,2023-12
Mawile-Mega,0,2023-12
Aron,0,2023-12
Lairon,0,2023-12
Aggron,0,2023-12
Aggron-Mega,0,2023-12
Meditite,0,2023-12
Medicham-Mega,0,2023-12
Electrike,0,2023-12
Manectric,0,2023-12
Manectric-Mega,0,2023-12
Plusle,0,2023-12
Minun,0,2023-12
Roselia,0,2023-12
Gulpin,0,2023-12
Swalot,0,2023-12
Carvanha,0,2023-12
Sharpedo,0,2023-12
Sharpedo-Mega,0,2023-12
Wailmer,0,2023-12
Wailord,0,2023-12
Camerupt-Mega,0,2023-12
Spoink,0,2023-12
Grumpig,0,2023-12
Spinda,0,2023-12
Trapinch,0,2023-12
Vibrava,0,2023-12
Flygon,0,2023-12
Cacnea,0,2023-12
Swablu,0,2023-12
Altaria-Mega,0,2023-12
Seviper,0,2023-12
Lunatone,0,2023-12
Solrock,0,2023-12
Barboach,0,2023-12
Corphish,0,2023-12
Baltoy,0,2023-12
Claydol,0,2023-12
Lileep,0,2023-12
Cradily,0,2023-12
Anorith,0,2023-12
Armaldo,0,2023-12
Feebas,0,2023-12
Castform,0,2023-12
Kecleon,0,2023-12
Shuppet,0,2023-12
Banette,0,2023-12
Banette-Mega,0,2023-12
Duskull,0,2023-12
Chimecho,0,2023-12
Absol,0,2023-12
Absol-Mega,0,2023-12
Wynaut,0,2023-12
Snorunt,0,2023-12
Glalie,0,2023-12
Glalie-Mega,0,2023-12
Spheal,0,2023-12
Sealeo,0,2023-12
Walrein,0,2023-12
Clamperl,0,2023-12
Huntail,0,2023-12
Gorebyss,0,2023-12
Relicanth,0,2023-12
Luvdisc,0,2023-12
Bagon,0,2023-12
Shelgon,0,2023-12
Salamence-Mega,0,2023-12
Beldum,0,2023-12
Metang,0,2023-12
Metagross,0,2023-12
Metagross-Mega,0,2023-12
Regirock,0,2023-12
Regice,0,2023-12
Registeel,0,2023-12
Latias,0,2023-12
Latias-Mega,0,2023-12
Latios,0,2023-12
Latios-Mega,0,2023-12
Kyogre,0,2023-12
Kyogre-Primal,0,2023-12
Groudon,0,2023-12
Groudon-Primal,0,2023-12
Rayquaza,0,2023-12
Rayquaza-Mega,0,2023-12
Deoxys,0,2023-12
Deoxys-Attack,0,2023-12
Deoxys-Defense,0,2023-12
Deoxys-Speed,0,2023-12
Turtwig,0,2023-12
Grotle,0,2023-12
Chimchar,0,2023-12
Prinplup,0,2023-12
Staravia,0,2023-12
Bidoof,0,2023-12
Bibarel,0,2023-12
Kricketot,0,2023-12
Shinx,0,2023-12
Luxio,0,2023-12
Budew,0,2023-12
Roserade,0,2023-12
Cranidos,0,2023-12
Rampardos,0,2023-12
Shieldon,0,2023-12
Bastiodon,0,2023-12
Burmy,0,2023-12
Wormadam,0,2023-12
Wormadam-Sandy,0,2023-12
Wormadam-Trash,0,2023-12
Mothim,0,2023-12
Combee,0,2023-12
Pachirisu,0,2023-12
Buizel,0,2023-12
Cherubi,0,2023-12
Cherrim,0,2023-12
Shellos,0,2023-12
Drifloon,0,2023-12
Buneary,0,2023-12
Lopunny,0,2023-12
Lopunny-Mega,0,2023-12
Glameow,0,2023-12
Purugly,0,2023-12
Chingling,0,2023-12
Stunky,0,2023-12
Bonsly,0,2023-12
Mime Jr.,0,2023-12
Happiny,0,2023-12
Chatot,0,2023-12
Gible,0,2023-12
Gabite,0,2023-12
Garchomp-Mega,0,2023-12
Munchlax,0,2023-12
Lucario-Mega,0,2023-12
Skorupi,0,2023-12
Drapion,0,2023-12
Carnivine,0,2023-12
Finneon,0,2023-12
Lumineon,0,2023-12
Mantyke,0,2023-12
Snover,0,2023-12
Abomasnow-Mega,0,2023-12
Lickilicky,0,2023-12
Rhyperior,0,2023-12
Tangrowth,0,2023-12
Electivire,0,2023-12
Magmortar,0,2023-12
Togekiss,0,2023-12
Gliscor,0,2023-12
Porygon-Z,0,2023-12
Gallade-Mega,0,2023-12
Rotom,0,2023-12
Rotom-Fan,0,2023-12
Mesprit,0,2023-12
Regigigas,0,2023-12
Giratina-Origin,0,2023-12
Shaymin-Sky,0,2023-12
Arceus,0,2023-12
Arceus-Electric,0,2023-12
Arceus-Fairy,0,2023-12
Arceus-Flying,0,2023-12
Arceus-Ghost,0,2023-12
Arceus-Ground,0,2023-12
Arceus-Steel,0,2023-12
Arceus-Water,0,2023-12
Victini,0,2023-12
Snivy,0,2023-12
Servine,0,2023-12
Serperior,0,2023-12
Tepig,0,2023-12
Pignite,0,2023-12
Emboar,0,2023-12
Oshawott,0,2023-12
Dewott,0,2023-12
Patrat,0,2023-12
Watchog,0,2023-12
Lillipup,0,2023-12
Herdier,0,2023-12
Stoutland,0,2023-12
Purrloin,0,2023-12
Liepard,0,2023-12
Pansage,0,2023-12
Simisage,0,2023-12
Pansear,0,2023-12
Simisear,0,2023-12
Panpour,0,2023-12
Simipour,0,2023-12
Munna,0,2023-12
Musharna,0,2023-12
Pidove,0,2023-12
Tranquill,0,2023-12
Unfezant,0,2023-12
Blitzle,0,2023-12
Zebstrika,0,2023-12
Roggenrola,0,2023-12
Boldore,0,2023-12
Gigalith,0,2023-12
Woobat,0,2023-12
Swoobat,0,2023-12
Drilbur,0,2023-12
Excadrill,0,2023-12
Audino,0,2023-12
Audino-Mega,0,2023-12
Gurdurr,0,2023-12
Tympole,0,2023-12
Palpitoad,0,2023-12
Seismitoad,0,2023-12
Throh,0,2023-12
Sawk,0,2023-12
Sewaddle,0,2023-12
Swadloon,0,2023-12
Venipede,0,2023-12
Whirlipede,0,2023-12
Scolipede,0,2023-12
Whimsicott,0,2023-12
Petilil,0,2023-12
Sandile,0,2023-12
Krokorok,0,2023-12
Darumaka,0,2023-12
Darumaka-Galar,0,2023-12
Darmanitan,0,2023-12
Darmanitan-Galar,0,2023-12
Maractus,0,2023-12
Dwebble,0,2023-12
Crustle,0,2023-12
Scraggy,0,2023-12
Scrafty,0,2023-12
Sigilyph,0,2023-12
Yamask,0,2023-12
Yamask-Galar,0,2023-12
Cofagrigus,0,2023-12
Tirtouga,0,2023-12
Carracosta,0,2023-12
Archen,0,2023-12
Archeops,0,2023-12
Trubbish,0,2023-12
Garbodor,0,2023-12
Zorua,0,2023-12
Zorua-Hisui,0,2023-12
Minccino,0,2023-12
Cinccino,0,2023-12
Solosis,0,2023-12
Duosion,0,2023-12
Reuniclus,0,2023-12
Ducklett,0,2023-12
Vanillite,0,2023-12
Vanillish,0,2023-12
Vanilluxe,0,2023-12
Deerling,0,2023-12
Emolga,0,2023-12
Karrablast,0,2023-12
Escavalier,0,2023-12
Frillish,0,2023-12
Jellicent,0,2023-12
Joltik,0,2023-12
Galvantula,0,2023-12
Ferroseed,0,2023-12
Ferrothorn,0,2023-12
Klink,0,2023-12
Klang,0,2023-12
Klinklang,0,2023-12
Tynamo,0,2023-12
Eelektrik,0,2023-12
Elgyem,0,2023-12
Beheeyem,0,2023-12
Litwick,0,2023-12
Lampent,0,2023-12
Axew,0,2023-12
Cubchoo,0,2023-12
Shelmet,0,2023-12
Accelgor,0,2023-12
Stunfisk,0,2023-12
Stunfisk-Galar,0,2023-12
Druddigon,0,2023-12
Golett,0,2023-12
Golurk,0,2023-12
Pawniard,0,2023-12
Bouffalant,0,2023-12
Rufflet,0,2023-12
Heatmor,0,2023-12
Durant,0,2023-12
Deino,0,2023-12
Zweilous,0,2023-12
Larvesta,0,2023-12
Cobalion,0,2023-12
Terrakion,0,2023-12
Virizion,0,2023-12
Reshiram,0,2023-12
Zekrom,0,2023-12
Landorus-Therian,0,2023-12
Kyurem,0,2023-12
Kyurem-Black,0,2023-12
Kyurem-White,0,2023-12
Keldeo,0,2023-12
Genesect,0,2023-12
Chespin,0,2023-12
Quilladin,0,2023-12
Fennekin,0,2023-12
Braixen,0,2023-12
Froakie,0,2023-12
Bunnelby,0,2023-12
Diggersby,0,2023-12
Fletchling,0,2023-12
Fletchinder,0,2023-12
Scatterbug,0,2023-12
Spewpa,0,2023-12
Litleo,0,2023-12
Flabébé,0,2023-12
Floette,0,2023-12
Skiddo,0,2023-12
Pancham,0,2023-12
Pangoro,0,2023-12
Furfrou,0,2023-12
Espurr,0,2023-12
Meowstic,0,2023-12
Meowstic-F,0,2023-12
Honedge,0,2023-12
Doublade,0,2023-12
Aegislash,0,2023-12
Spritzee,0,2023-12
Aromatisse,0,2023-12
Swirlix,0,2023-12
Slurpuff,0,2023-12
Inkay,0,2023-12
Malamar,0,2023-12
Binacle,0,2023-12
Barbaracle,0,2023-12
Skrelp,0,2023-12
Clauncher,0,2023-12
Clawitzer,0,2023-12
Helioptile,0,2023-12
Heliolisk,0,2023-12
Tyrunt,0,2023-12
Tyrantrum,0,2023-12
Amaura,0,2023-12
Aurorus,0,2023-12
Goomy,0,2023-12
Sliggoo,0,2023-12
Sliggoo-Hisui,0,2023-12
Phantump,0,2023-12
Pumpkaboo,0,2023-12
Pumpkaboo-Small,0,2023-12
Pumpkaboo-Large,0,2023-12
Pumpkaboo-Super,0,2023-12
Gourgeist,0,2023-12
Gourgeist-Small,0,2023-12
Gourgeist-Large,0,2023-12
Gourgeist-Super,0,2023-12
Bergmite,0,2023-12
Noibat,0,2023-12
Xerneas,0,2023-12
Yveltal,0,2023-12
Zygarde,0,2023-12
Zygarde-10%,0,2023-12
Diancie-Mega,0,2023-12
Rowlet,0,2023-12
Dartrix,0,2023-12
Litten,0,2023-12
Torracat,0,2023-12
Incineroar,0,2023-12
Popplio,0,2023-12
Brionne,0,2023-12
Primarina,0,2023-12
Pikipek,0,2023-12
Trumbeak,0,2023-12
Toucannon,0,2023-12
Yungoos,0,2023-12
Grubbin,0,2023-12
Crabrawler,0,2023-12
Oricorio-Pa'u,0,2023-12
Ribombee,0,2023-12
Rockruff,0,2023-12
Wishiwashi,0,2023-12
Wishiwashi-School,0,2023-12
Toxapex,0,2023-12
Mudbray,0,2023-12
Dewpider,0,2023-12
Araquanid,0,2023-12
Fomantis,0,2023-12
Morelull,0,2023-12
Shiinotic,0,2023-12
Salandit,0,2023-12
Stufful,0,2023-12
Bewear,0,2023-12
Bounsweet,0,2023-12
Steenee,0,2023-12
Comfey,0,2023-12
Passimian,0,2023-12
Wimpod,0,2023-12
Golisopod,0,2023-12
Sandygast,0,2023-12
Pyukumuku,0,2023-12
Type: Null,0,2023-12
Silvally,0,2023-12
Silvally-Bug,0,2023-12
Silvally-Dark,0,2023-12
Silvally-Dragon,0,2023-12
Silvally-Electric,0,2023-12
Silvally-Fairy,0,2023-12
Silvally-Fighting,0,2023-12
Silvally-Fire,0,2023-12
Silvally-Flying,0,2023-12
Silvally-Ghost,0,2023-12
Silvally-Grass,0,2023-12
Silvally-Ground,0,2023-12
Silvally-Ice,0,2023-12
Silvally-Poison,0,2023-12
Silvally-Psychic,0,2023-12
Silvally-Rock,0,2023-12
Silvally-Steel,0,2023-12
Silvally-Water,0,2023-12
Minior,0,2023-12
Turtonator,0,2023-12
Togedemaru,0,2023-12
Drampa,0,2023-12
Dhelmise,0,2023-12
Jangmo-o,0,2023-12
Hakamo-o,0,2023-12
Tapu Koko,0,2023-12
Tapu Lele,0,2023-12
Tapu Bulu,0,2023-12
Tapu Fini,0,2023-12
Cosmog,0,2023-12
Cosmoem,0,2023-12
Solgaleo,0,2023-12
Lunala,0,2023-12
Nihilego,0,2023-12
Buzzwole,0,2023-12
Pheromosa,0,2023-12
Xurkitree,0,2023-12
Celesteela,0,2023-12
Kartana,0,2023-12
Guzzlord,0,2023-12
Necrozma,0,2023-12
Necrozma-Dusk-Mane,0,2023-12
Necrozma-Dawn-Wings,0,2023-12
Necrozma-Ultra,0,2023-12
Marshadow,0,2023-12
Poipole,0,2023-12
Naganadel,0,2023-12
Stakataka,0,2023-12
Blacephalon,0,2023-12
Zeraora,0,2023-12
Meltan,0,2023-12
Melmetal,0,2023-12
Grookey,0,2023-12
Thwackey,0,2023-12
Scorbunny,0,2023-12
Raboot,0,2023-12
Sobble,0,2023-12
Drizzile,0,2023-12
Skwovet,0,2023-12
Rookidee,0,2023-12
Corvisquire,0,2023-12
Blipbug,0,2023-12
Dottler,0,2023-12
Orbeetle,0,2023-12
Nickit,0,2023-12
Thievul,0,2023-12
Gossifleur,0,2023-12
Eldegoss,0,2023-12
Wooloo,0,2023-12
Dubwool,0,2023-12
Chewtle,0,2023-12
Yamper,0,2023-12
Boltund,0,2023-12
Rolycoly,0,2023-12
Carkol,0,2023-12
Applin,0,2023-12
Silicobra,0,2023-12
Arrokuda,0,2023-12
Toxel,0,2023-12
Sizzlipede,0,2023-12
Centiskorch,0,2023-12
Clobbopus,0,2023-12
Grapploct,0,2023-12
Sinistea,0,2023-12
Hatenna,0,2023-12
Hatterene,0,2023-12
Impidimp,0,2023-12
Grimmsnarl,0,2023-12
Obstagoon,0,2023-12
Perrserker,0,2023-12
Cursola,0,2023-12
Sirfetch’d,0,2023-12
Mr. Rime,0,2023-12
Runerigus,0,2023-12
Milcery,0,2023-12
Alcremie,0,2023-12
Snom,0,2023-12
Stonjourner,0,2023-12
Cufant,0,2023-12
Dracozolt,0,2023-12
Arctozolt,0,2023-12
Dracovish,0,2023-12
Arctovish,0,2023-12
Dreepy,0,2023-12
Drakloak,0,2023-12
Zacian-Crowned,0,2023-12
Eternatus,0,2023-12
Kubfu,0,2023-12
Regieleki,0,2023-12
Calyrex-Ice,0,2023-12
Calyrex-Shadow,0,2023-12
Basculegion,0,2023-12
Sprigatito,0,2023-12
Floragato,0,2023-12
Fuecoco,0,2023-12
Skeledirge,0,2023-12
Oinkologne,0,2023-12
Oinkologne-F,0,2023-12
Tarountula,0,2023-12
Nymble,0,2023-12
Pawmi,0,2023-12
Pawmo,0,2023-12
Tandemaus,0,2023-12
Fidough,0,2023-12
Smoliv,0,2023-12
Dolliv,0,2023-12
Nacli,0,2023-12
Charcadet,0,2023-12
Tadbulb,0,2023-12
Maschiff,0,2023-12
Shroodle,0,2023-12
Bramblin,0,2023-12
Toedscool,0,2023-12
Capsakid,0,2023-12
Rellor,0,2023-12
Flittle,0,2023-12
Tinkatink,0,2023-12
Wiglett,0,2023-12
Wugtrio,0,2023-12
Finizen,0,2023-12
Varoom,0,2023-12
Glimmora,0,2023-12
Greavard,0,2023-12
Cetoddle,0,2023-12
Annihilape,0,2023-12
Clodsire,0,2023-12
Kingambit,0,2023-12
Great Tusk,0,2023-12
Flutter Mane,0,2023-12
Iron Treads,0,2023-12
Iron Bundle,0,2023-12
Frigibax,0,2023-12
Arctibax,0,2023-12
Gimmighoul,0,2023-12
Chien-Pao,0,2023-12
Ting-Lu,0,2023-12
Koraidon,0,2023-12
Miraidon,0,2023-12
Poltchageist,0,2023-12
Ogerpon-Hearthflame,0,2023-12
Archaludon,0,2023-12
Hydrapple,0,2023-12
Gouging Fire,0,2023-12
Raging Bolt,0,2023-12
Iron Boulder,0,2023-12
Iron Crown,0,2023-12
Terapagos,0,2023-12
Terapagos-Terastal,0,2023-12
Terapagos-Stellar,0,2023-12
Pecharunt,0,2023-12
Syclar,0,2023-12
Syclant,0,2023-12
Revenankh,0,2023-12
Embirch,0,2023-12
Flarelm,0,2023-12
Pyroak,0,2023-12
Breezi,0,2023-12
Fidgit,0,2023-12
Rebble,0,2023-12
Tactite,0,2023-12
Stratagem,0,2023-12
Privatyke,0,2023-12
Arghonaut,0,2023-12
Kitsunoh,0,2023-12
Cyclohm,0,2023-12
Colossoil,0,2023-12
Krilowatt,0,2023-12
Voodoll,0,2023-12
Voodoom,0,2023-12
Scratchet,0,2023-12
Tomohawk,0,2023-12
Necturine,0,2023-12
Necturna,0,2023-12
Mollux,0,2023-12
Cupra,0,2023-12
Argalis,0,2023-12
Aurumoth,0,2023-12
Brattler,0,2023-12
Malaconda,0,2023-12
Cawdet,0,2023-12
Cawmodore,0,2023-12
Volkritter,0,2023-12
Volkraken,0,2023-12
Snugglow,0,2023-12
Plasmanta,0,2023-12
Floatoy,0,2023-12
Caimanoe,0,2023-12
Naviathan,0,2023-12
Crucibelle,0,2023-12
Crucibelle-Mega,0,2023-12
Pluffle,0,2023-12
Kerfluffle,0,2023-12
Pajantom,0,2023-12
Mumbao,0,2023-12
Jumbao,0,2023-12
Fawnifer,0,2023-12
Electrelk,0,2023-12
Caribolt,0,2023-12
Smogecko,0,2023-12
Smoguana,0,2023-12
Smokomodo,0,2023-12
Swirlpool,0,2023-12
Coribalis,0,2023-12
Snaelstrom,0,2023-12
Justyke,0,2023-12
Equilibra,0,2023-12
Solotl,0,2023-12
Astrolotl,0,2023-12
Miasmite,0,2023-12
Miasmaw,0,2023-12
Chromera,0,2023-12
Nohface,0,2023-12
Monohm,0,2023-12
Duohm,0,2023-12
Dorsoil,0,2023-12
Protowatt,0,2023-12
Venomicon,0,2023-12
Venomicon-Epilogue,0,2023-12
Saharascal,0,2023-12
Saharaja,0,2023-12
Ababo,0,2023-12
Scattervein,0,2023-12
Hemogoblin,0,2023-12
Cresceidon,0,2023-12